core,featured,opportunity,parentid,objectid,format,description,cdescription,title,nameorg,nameconf,nameconfevent,namegrant,namegrantapp,namepub,issn,namepubcall,source,urlprimary,urlsecondary,subformat,subject,frequency,amount,amountformat,duration,eligibility,ospreview,location,clocation,virtual,in-person,international,latitude,longitude,costfree,cost,oastatus,oatype,agreementstatus,peerreview,timeline,acceptance,impact,dateproposalest,dateproposaldueest,dateproposalstart,dateproposalend,dateregistrationest,dateregistrationstart,dateregistrationend,dateeventest,dateeventstart,dateeventend,archived,filename
FALSE,TRUE,Grant,,O100,record,Fifty words aliquet porttitor lacus luctus accumsan tortor posuere ac ut consequat semper viverra nam libero justo laoreet sit amet cursus sit amet dictum sit amet justo donec enim diam vulputate ut pharetra sit amet aliquam id diam maecenas ultricies mi eget mauris pharetra et ultrices neque ornare aenean euismod.,"Fifty words aliquet porttitor lacus luctus accumsan tortor posuere ac ut consequat semper viverra nam libero justo laoreet sit amet cursus sit amet dictum sit amet justo donec enim diam vulputate ut pharetra sit amet aliquam id diam maecenas ultricies mi eget mauris pharetra et ultrices neque ornare aenean euismod.
https://duckduckgo.com/
https://www.google.com/",Organization Grant Application TEST,Organization,,,Grant,Application TEST,,,,"<a href=""https://duckduckgo.com/"">https://duckduckgo.com/</a>; see also <a href=""https://www.google.com/"">https://www.google.com/</a>",https://duckduckgo.com/,https://www.google.com/,Projects,,12 months,$1000–$5000; $10000,Digital; Preservation,1–3 years; varies,no requirements,yes,,,,,,,,,,,,,,,,,November; September,,,,,,,,,,FALSE,
FALSE,TRUE,Conference,,O101,record,Fifty words aliquet porttitor lacus luctus accumsan tortor posuere ac ut consequat semper viverra nam libero justo laoreet sit amet cursus sit amet dictum sit amet justo donec enim diam vulputate ut pharetra sit amet aliquam id diam maecenas ultricies mi eget mauris pharetra et ultrices neque ornare aenean euismod.,"Fifty words aliquet porttitor lacus luctus accumsan tortor posuere ac ut consequat semper viverra nam libero justo laoreet sit amet cursus sit amet dictum sit amet justo donec enim diam vulputate ut pharetra sit amet aliquam id diam maecenas ultricies mi eget mauris pharetra et ultrices neque ornare aenean euismod.
https://duckduckgo.com/
https://www.google.com/",Organization Conference Theme TEST 2024,Organization,Conference,Theme TEST 2024,,,,,,"<a href=""https://duckduckgo.com/"">https://duckduckgo.com/</a>; see also <a href=""https://www.google.com/"">https://www.google.com/</a>",https://duckduckgo.com/,https://www.google.com/,Panels; Lightning Talks; Papers,,24 months,,,,,,Paris; France,Paris; France,yes,yes,yes,48.8567879,2.3510768,yes,$800; free for virtual attendance,,,,,,,,January,,,01/10/2025,March,03/01/2025,06/01/2025,July,07/01/2025,07/04/2025,FALSE,
FALSE,TRUE,Publication,,O102,record,Fifty words aliquet porttitor lacus luctus accumsan tortor posuere ac ut consequat semper viverra nam libero justo laoreet sit amet cursus sit amet dictum sit amet justo donec enim diam vulputate ut pharetra sit amet aliquam id diam maecenas ultricies mi eget mauris pharetra et ultrices neque ornare aenean euismod.,"Fifty words aliquet porttitor lacus luctus accumsan tortor posuere ac ut consequat semper viverra nam libero justo laoreet sit amet cursus sit amet dictum sit amet justo donec enim diam vulputate ut pharetra sit amet aliquam id diam maecenas ultricies mi eget mauris pharetra et ultrices neque ornare aenean euismod.
https://duckduckgo.com/",Title Words: Special Issue Grim TEST — published by Organization,Organization,,,,,Title Words,0000-0000,Special Issue Grim TEST,"<a href=""https://duckduckgo.com/"">https://duckduckgo.com/</a>",https://duckduckgo.com/,,Briefs; Case Studies; Reports; Papers,,2 months,,,,,,,,,,,,,,,Hybrid open,Diamond (immediate / no fee),yes,Double blind; Open,10,25.00%,2.20,,,,,,,,,,,FALSE,
FALSE,TRUE,Grant,CG2405,O201,record,,"https://mellon.org/
https://www.library.cmu.edu/",Andrew W. Mellon Foundation Scholarly Communications and Information Technology Mini Grant TEST 2024,Andrew W. Mellon Foundation,,,Scholarly Communications and Information Technology,,,,,"<a href=""https://mellon.org/"">https://mellon.org/</a>; see also <a href=""https://www.library.cmu.edu/"">https://www.library.cmu.edu/</a>",https://mellon.org/,https://www.library.cmu.edu/,Projects,,Continuous,varies,Digital; Access/Open; Research,varies,U.S. libraries; higher education institutions; research organizations,yes,,,,,,,,,,,,,,,,,January; February,,09/30/2024,11/01/2024,,,,,,,FALSE,
FALSE,TRUE,Conference,CC2418,O202,record,,"https://librarypublishing.org
https://www.library.cmu.edu/",Library Publishing Coalition (LPC) Library Publishing Forum TEST 2024,Library Publishing Coalition (LPC),Library Publishing Forum,TEST 2024,,,,,,"<a href=""https://librarypublishing.org"">https://librarypublishing.org</a>; see also <a href=""https://www.library.cmu.edu/"">https://www.library.cmu.edu/</a>",https://librarypublishing.org,https://www.library.cmu.edu/,Papers; Panels; Posters; Workshops,,12 months,,,,,,Minneapolis; MN; USA,Minneapolis; MN; USA,no,yes,no,44.97843933,-93.26800472,no,$300,,,,,,,,,November,,03/01/2025,March,01/01/1935,06/30/2025,May,07/01/2025,07/04/2025,FALSE,
FALSE,TRUE,Publication,CP2468,O203,record,,"https://www.tandfonline.com/journals/wtsq20
https://www.library.cmu.edu/",Technical Services Quarterly: September Special Issue TEST — published by Taylor & Francis,Taylor & Francis,,,,,Technical Services Quarterly,0731-7131; 1555-3337,September Special Issue TEST,"<a href=""https://www.tandfonline.com/journals/wtsq20"">https://www.tandfonline.com/journals/wtsq20</a>; see also <a href=""https://www.library.cmu.edu/"">https://www.library.cmu.edu/</a>",https://www.tandfonline.com/journals/wtsq20,https://www.library.cmu.edu/,Papers; Case Studies; Reviews,,3 months,,,,,,,,,,,,,,,Hybrid open,"""Gold (immediate / author fees required)""; ""Green (can be posted in open repository / embargo may apply)""",no,Blind,,35.00%,,,,,,,,,,,,FALSE,
FALSE,FALSE,Grant,CG2413,O204,record,The CLIR Recordings at Risk program provides grants for digitizing at-risk audio and audiovisual recordings of significant cultural or scholarly value. It supports institutions working to preserve materials that may otherwise be lost due to media degradation or obsolescence ensuring their long-term accessibility for future research.,"The CLIR Recordings at Risk program provides grants for digitizing at-risk audio and audiovisual recordings of significant cultural or scholarly value. It supports institutions working to preserve materials that may otherwise be lost due to media degradation or obsolescence ensuring their long-term accessibility for future research.
https://www.clir.org/",Council on Library and Information Resources (CLIR) Recordings at Risk 2025,Council on Library and Information Resources (CLIR),,,Recordings at Risk,2025,,,,"<a href=""https://www.clir.org/"">https://www.clir.org/</a>",https://www.clir.org/,,Projects,,6 months,$10000–$50000,Preservation; Digital,1–1.5 years,U.S. and U.S. territories; nonprofits e.g. libraries; archives; cultural institutions; demonstration of long-term preservation and accessibility of the digitized content req'd,yes,,,,,,,,,,,,,,,,,February; March; January,April; November,01/01/2025,,,,,,,,FALSE,
FALSE,FALSE,Conference,CC2401,O205,record,ACRL 2025 will be a platform for us to engage in critical conversations and explore solutions-centered approaches to the challenges facing our profession. We will focus on themes like: embedded bias; inclusive excellence; and the role of technology.,"ACRL 2025 will be a platform for us to engage in critical conversations and explore solutions-centered approaches to the challenges facing our profession. We will focus on themes like: embedded bias; inclusive excellence; and the role of technology.
https://www.acrl.org/
https://web.cvent.com/event/98632c12-9bee-4ab5-bb05-5fcf69f453a4/summary",Association of College and Research Libraries (ACRL) Conference 2025: Democratizing Knowledge + Access + Opportunities,Association of College and Research Libraries (ACRL),Conference,2025: Democratizing Knowledge + Access + Opportunities,,,,,,"<a href=""https://www.acrl.org/"">https://www.acrl.org/</a>; see also <a href=""https://web.cvent.com/event/98632c12-9bee-4ab5-bb05-5fcf69f453a4/summary"">https://web.cvent.com/event/98632c12-9bee-4ab5-bb05-5fcf69f453a4/summary</a>",https://www.acrl.org/,https://web.cvent.com/event/98632c12-9bee-4ab5-bb05-5fcf69f453a4/summary,Papers; Panels; Posters; Workshops,,24 months,,,,,,Minneapolis; MN; USA,Minneapolis; MN; USA,yes,yes,no,44.98126516,-93.27797016,no,$279–369 virtual; $409–559 in-person,,,,,,,,October,August,,10/18/2024,November,09/01/2024,02/07/2027,April,04/02/2025,04/05/2025,FALSE,
FALSE,FALSE,Conference,CC2404,O206,record,ALA 2025 will explore the evolving role of libraries focusing on innovation inclusivity and sustainability. Library professionals will engage with emerging technologies digital transformation and community impact fostering equitable access and collaboration. This conference empowers leaders to create future-ready libraries and advocate for dynamic inclusive spaces.,,"American Library Association (ALA) Annual Conference ALA 2025 Annual
Conference & Exhibition",American Library Association (ALA),Annual Conference,"ALA 2025 Annual
Conference & Exhibition",,,,,,https://www.ala.org https://2025.alaannual.org Papers; Panels; Posters; Workshops 12 months,https://www.ala.org,https://2025.alaannual.org,Papers; Panels; Posters; Workshops,,12 months,,,,,,Philadelphia; PA; USA,,,yes,no,39.9526,75.1652,no,,,,,,,,,,September,,,January,,,June,06/26/2025,06/30/2025,FALSE,
FALSE,FALSE,Conference,CC2408,O207,record,Charleston Conference 2025 will explore the future of scholarly communication and academic publishing. Librarians publishers and information professionals will gather to discuss trends technologies and partnerships driving innovation. Attendees will engage in shaping the future of research collections and knowledge sharing through collaborative discussions and dynamic sessions.,,Charleston Conference 2025 Charleston Conference,,Charleston Conference,2025 Charleston Conference,,,,,,https://www.charlestonlibraryconference.com Panels; Papers; Workshops; Posters 12 months,https://www.charlestonlibraryconference.com,,Panels; Papers; Workshops; Posters,,12 months,,,,,,Charleston; South Carolina; USA,,,yes,no,32.7765,79.9311,,,,,,,,,,,April,,,July,,,November,11/03/2025,11/07/2025,FALSE,
FALSE,FALSE,Conference,CC2405,O208,record,The ARLIS/NA Annual Conference 2025 will unite art librarians curators and information professionals to explore the intersection of art culture and technology. The event will foster innovation collaboration and access through diverse sessions and networking opportunities aimed at meeting the evolving needs of art information and research.,,Art Libraries Society of North America (ARLIS/NA) Annual Conference ARLIS/NA Annual Conference 2025: Together: Activating Community,Art Libraries Society of North America (ARLIS/NA),Annual Conference,ARLIS/NA Annual Conference 2025: Together: Activating Community,,,,,,https://www.arlisna.org https://www.arlisna.org/events/2025-53rd-annual-conference Papers; Panels; Workshops 12 months,https://www.arlisna.org,https://www.arlisna.org/events/2025-53rd-annual-conference,Papers; Panels; Workshops,,12 months,,,,,,Virtual,,yes,no,no,,,,$100 before April 21 for members; $200 non-members,,,,,,,,,August,,,January,,,April,05/12/2025,05/16/2025,FALSE,
FALSE,FALSE,Conference,CC2419,O209,record,The Open Repositories Conference 2025 will bring together global repository professionals researchers and technologists to explore the future of open access and digital preservation. The event will focus on innovative tools practices and strategies for managing and sharing digital content fostering collaboration and advancing open scholarship worldwide.,"The Open Repositories Conference 2025 will bring together global repository professionals researchers and technologists to explore the future of open access and digital preservation. The event will focus on innovative tools practices and strategies for managing and sharing digital content fostering collaboration and advancing open scholarship worldwide.
https://www.openrepositories.org
https://or2025.openrepositories.org",Open Repositories Conference Open Repositories Conference 2025: Twenty Years of Progress - a Future of Possibilities,Open Repositories,Conference,Open Repositories Conference 2025: Twenty Years of Progress - a Future of Possibilities,,,,,,"<a href=""https://www.openrepositories.org"">https://www.openrepositories.org</a>; see also <a href=""https://or2025.openrepositories.org"">https://or2025.openrepositories.org</a>",https://www.openrepositories.org,https://or2025.openrepositories.org,Papers; Panels; Posters; Workshops,,12 months,,,,,,Chicago; IL; USA,Chicago; IL; USA,,,,41.8781,87.6298,,,,,,,,,,,October,,12/18/2024,March,,,June,06/15/2025,06/18/2025,FALSE,
TRUE,FALSE,Grant,,CG2401,record,,https://www.imls.gov/,Institute of Museum and Library Services (IMLS) National Leadership Grants for Libraries (NLG) [Core Collection],Institute of Museum and Library Services (IMLS),,,National Leadership Grants for Libraries (NLG),,,,,"<a href=""https://www.imls.gov/"">https://www.imls.gov/</a>",https://www.imls.gov/,,Projects,,12 months,$50000–$1000000,Research,1–3 years,U.S. libraries; research libraries; museums; related institutions,yes,,,,,,,,,,,,,,,,,February; March,April,,,,,,,,,FALSE,
TRUE,FALSE,Grant,,CG2402,record,,https://www.imls.gov/,Institute of Museum and Library Services (IMLS) Laura Bush 21st Century Librarian Program [Core Collection],Institute of Museum and Library Services (IMLS),,,Laura Bush 21st Century Librarian Program,,,,,"<a href=""https://www.imls.gov/"">https://www.imls.gov/</a>",https://www.imls.gov/,,Projects,,12 months,$50000–$1000000,Education; Labor/Workforce,1–3 years,U.S. libraries; research libraries; educational institutions,yes,,,,,,,,,,,,,,,,,July; August,September,,,,,,,,,FALSE,
TRUE,FALSE,Grant,,CG2403,record,,https://www.neh.gov/,National Endowment for the Humanities (NEH) Digital Humanities Advancement Grants [Core Collection],National Endowment for the Humanities (NEH),,,Digital Humanities Advancement Grants,,,,,"<a href=""https://www.neh.gov/"">https://www.neh.gov/</a>",https://www.neh.gov/,,Projects,,12 months,$50000–$375000,Digital; Arts/Humanities,1–3 years,U.S. libraries; educational institutions; cultural organizations,yes,,,,,,,,,,,,,,,,,April; May,June,,,,,,,,,FALSE,
TRUE,FALSE,Grant,,CG2404,record,,https://www.archives.gov/nhprc/announcement,National Historical Publications and Records Commission (NHPRC) Research and Development Grants for Archives and Libraries [Core Collection],National Historical Publications and Records Commission (NHPRC),,,Research and Development Grants for Archives and Libraries,,,,,"<a href=""https://www.archives.gov/nhprc/announcement"">https://www.archives.gov/nhprc/announcement</a>",https://www.archives.gov/nhprc/announcement,,Projects,,12 months,$0–$350000,Research; Digital; Preservation,1–2 years,U.S. libraries; archives; educational institutions,yes,,,,,,,,,,,,,,,,,September; October,November,,,,,,,,,FALSE,
TRUE,FALSE,Grant,,CG2405,compound_object,,https://mellon.org/,Andrew W. Mellon Foundation Scholarly Communications and Information Technology [Core Collection],Andrew W. Mellon Foundation,,,Scholarly Communications and Information Technology,,,,,"<a href=""https://mellon.org/"">https://mellon.org/</a>",https://mellon.org/,,Projects,,Continuous,varies,Digital; Access/Open; Research,varies,U.S. libraries; higher education institutions; research organizations,yes,,,,,,,,,,,,,,,,,January; February,,,,,,,,,,FALSE,
TRUE,FALSE,Grant,,CG2406,record,,https://mellon.org/,Andrew W. Mellon Foundation Public Knowledge Program [Core Collection],Andrew W. Mellon Foundation,,,Public Knowledge Program,,,,,"<a href=""https://mellon.org/"">https://mellon.org/</a>",https://mellon.org/,,Projects,,Continuous,varies,Access/Open; Digital; Community,varies,U.S. libraries; archives; museums; cultural institutions,yes,,,,,,,,,,,,,,,,,January; February,,,,,,,,,,FALSE,
TRUE,FALSE,Grant,,CG2407,record,,https://sloan.org/,Alfred P. Sloan Foundation Digital Information Technology Program [Core Collection],Alfred P. Sloan Foundation,,,Digital Information Technology Program,,,,,"<a href=""https://sloan.org/"">https://sloan.org/</a>",https://sloan.org/,,Projects,,Continuous,varies,Digital; Research,varies,U.S. libraries; higher education institutions; research organizations,yes,,,,,,,,,,,,,,,,,January; February,,,,,,,,,,FALSE,
TRUE,FALSE,Grant,,CG2408,record,,https://sloan.org/,Alfred P. Sloan Foundation Data & Computational Research [Core Collection],Alfred P. Sloan Foundation,,,Data & Computational Research,,,,,"<a href=""https://sloan.org/"">https://sloan.org/</a>",https://sloan.org/,,Projects,,Continuous,varies,Research; Access/Open,varies,U.S. libraries; academic institutions; research labs,yes,,,,,,,,,,,,,,,,,January; February,,,,,,,,,,FALSE,
TRUE,FALSE,Grant,,CG2409,record,,https://www.clir.org/,Andrew W. Mellon Foundation; Council on Library and Information Resources (CLIR) Digitizing Hidden Special Collections and Archives [Core Collection],Andrew W. Mellon Foundation; Council on Library and Information Resources (CLIR),,,Digitizing Hidden Special Collections and Archives,,,,,"<a href=""https://www.clir.org/"">https://www.clir.org/</a>",https://www.clir.org/,,Projects,,12 months,$50000–$500000,Digital; Preservation; Access/Open,1–3 years,U.S. libraries; archives; museums; other cultural institutions,yes,,,,,,,,,,,,,,,,,April; May,September,,,,,,,,,FALSE,
TRUE,FALSE,Grant,,CG2410,record,,https://www.neh.gov/,National Endowment for the Humanities (NEH) Sustaining Cultural Heritage Collections [Core Collection],National Endowment for the Humanities (NEH),,,Sustaining Cultural Heritage Collections,,,,,"<a href=""https://www.neh.gov/"">https://www.neh.gov/</a>",https://www.neh.gov/,,Projects,,12 months,$0–$350000,Preservation; Arts/Humanities,1–2 years,U.S. libraries; museums; cultural institutions,yes,,,,,,,,,,,,,,,,,September; October,January,,,,,,,,,FALSE,
TRUE,FALSE,Grant,,CG2411,record,,https://www.imls.gov/,Institute of Museum and Library Services (IMLS) Community Anchors Grant [Core Collection],Institute of Museum and Library Services (IMLS),,,Community Anchors Grant,,,,,"<a href=""https://www.imls.gov/"">https://www.imls.gov/</a>",https://www.imls.gov/,,Projects,,12 months,$10000–$250000,Community; Research,1–2 years,U.S. libraries; including research libraries cultural organizations,yes,,,,,,,,,,,,,,,,,November; December,February,,,,,,,,,FALSE,
TRUE,FALSE,Grant,,CG2412,record,,https://www.spencer.org/,Spencer Foundation Research Grants on Education [Core Collection],Spencer Foundation,,,Research Grants on Education,,,,,"<a href=""https://www.spencer.org/"">https://www.spencer.org/</a>",https://www.spencer.org/,,Projects,,12 months,$0–$50000; $50000–$500000,Research; Education,1–3 years,U.S. libraries; researchers; educational institutions,yes,,,,,,,,,,,,,,,,,March; April,,,,,,,,,,FALSE,
TRUE,FALSE,Grant,,CG2413,compound_object,,https://www.clir.org/,Council on Library and Information Resources (CLIR) Recordings at Risk [Core Collection],Council on Library and Information Resources (CLIR),,,Recordings at Risk,,,,,"<a href=""https://www.clir.org/"">https://www.clir.org/</a>",https://www.clir.org/,,Projects,,6 months,$10000–$50000,Preservation; Digital,1–1.5 years,U.S. and U.S. territories; nonprofits e.g. libraries; archives; cultural institutions; demonstration of long-term preservation and accessibility of the digitized content req'd,yes,,,,,,,,,,,,,,,,,February; March; January,April; November,,,,,,,,,FALSE,
TRUE,FALSE,Grant,,CG2414,record,,https://www.nih.gov/,Open Science; Research Infrastructure Open Science Fund [Core Collection],Open Science; Research Infrastructure,,,Open Science Fund,,,,,"<a href=""https://www.nih.gov/"">https://www.nih.gov/</a>",https://www.nih.gov/,,Projects,,12 months,varies,Access/Open,varies,U.S. academic institutions; research libraries; non-profits,yes,,,,,,,,,,,,,,,,,January; February,May,,,,,,,,,FALSE,
TRUE,FALSE,Grant,,CG2415,record,,https://okfn.org/,Open Knowledge Foundation (OKF) Grants [Core Collection],Open Knowledge Foundation (OKF),,,Grants,,,,,"<a href=""https://okfn.org/"">https://okfn.org/</a>",https://okfn.org/,,Projects,,Continuous,$10000–$100000,Access/Open,varies,U.S. libraries; educational institutions; open science projects,yes,,,,,,,,,,,,,,,,,,,,,,,,,,,FALSE,
TRUE,FALSE,Grant,,CG2416,record,,https://www.schmidtfutures.com/,Schmidt Futures Open Science Grant [Core Collection],Schmidt Futures,,,Open Science Grant,,,,,"<a href=""https://www.schmidtfutures.com/"">https://www.schmidtfutures.com/</a>",https://www.schmidtfutures.com/,,Projects,,Continuous,varies,Access/Open,varies,U.S. libraries; research institutions; open science platforms,yes,,,,,,,,,,,,,,,,,February; March,,,,,,,,,,FALSE,
TRUE,FALSE,Grant,,CG2417,record,,https://www.clir.org/,Council on Library and Information Resources (CLIR) Fellowships [Core Collection],Council on Library and Information Resources (CLIR),,,Fellowships,,,,,"<a href=""https://www.clir.org/"">https://www.clir.org/</a>",https://www.clir.org/,,Projects,,12 months,varies,Fellowships; Digital; Preservation; Research; Arts/Humanities,1–2 years,U.S. and international libraries; archives; research institutions,yes,,,,,,,,,,,,,,,,,March; April,May,,,,,,,,,FALSE,
TRUE,FALSE,Grant,,CG2418,record,,https://www.opensocietyfoundations.org/,Open Society Foundations (OSF) Higher Education Support [Core Collection],Open Society Foundations (OSF),,,Higher Education Support,,,,,"<a href=""https://www.opensocietyfoundations.org/"">https://www.opensocietyfoundations.org/</a>",https://www.opensocietyfoundations.org/,,Projects,,Continuous,varies,Access/Open; Digital,varies,U.S. and international libraries; higher education institutions,yes,,,,,,,,,,,,,,,,,May; June,,,,,,,,,,FALSE,
TRUE,FALSE,Grant,,CG2419,record,,https://wellcome.org/,Wellcome Trust Open Research Fund [Core Collection],Wellcome Trust,,,Open Research Fund,,,,,"<a href=""https://wellcome.org/"">https://wellcome.org/</a>",https://wellcome.org/,,Projects,,12 months,varies,Access/Open; Research,1–3 years,U.S. and international libraries; academic institutions,yes,,,,,,,,,,,,,,,,,April; May,May,,,,,,,,,FALSE,
TRUE,FALSE,Grant,,CG2420,record,,https://chanzuckerberg.com/,Chan Zuckerberg Initiative (CZI) Science Program [Core Collection],Chan Zuckerberg Initiative (CZI),,,Science Program,,,,,"<a href=""https://chanzuckerberg.com/"">https://chanzuckerberg.com/</a>",https://chanzuckerberg.com/,,Projects,,Continuous,varies,Access/Open; Research,varies,U.S. libraries; academic institutions; research labs,yes,,,,,,,,,,,,,,,,,January; February,,,,,,,,,,FALSE,
TRUE,FALSE,Grant,,CG2421,record,,https://helmsleytrust.org/our-grants/,Helmsley Charitable Trust Health and Medical Research [Core Collection],Helmsley Charitable Trust,,,Health and Medical Research,,,,,"<a href=""https://helmsleytrust.org/our-grants/"">https://helmsleytrust.org/our-grants/</a>",https://helmsleytrust.org/our-grants/,,Projects,,Continuous,varies,Research; Access/Open,varies,U.S. libraries; academic institutions; medical research centers,yes,,,,,,,,,,,,,,,,,March; April,,,,,,,,,,FALSE,
TRUE,FALSE,Grant,,CG2422,record,,https://dp.la/,Digital Public Library of America (DPLA) Digital Access and Services Grants [Core Collection],Digital Public Library of America (DPLA),,,Digital Access and Services Grants,,,,,"<a href=""https://dp.la/"">https://dp.la/</a>",https://dp.la/,,Projects,,Continuous,varies,Access/Open; Digital; Community,varies,U.S. public libraries; library consortia; cultural institutions,yes,,,,,,,,,,,,,,,,,March; April,,,,,,,,,,FALSE,
TRUE,FALSE,Grant,,CG2423,record,,https://pittsburghfoundation.org/,Pittsburgh Foundation Education and Community Grants [Core Collection],Pittsburgh Foundation,,,Education and Community Grants,,,,,"<a href=""https://pittsburghfoundation.org/"">https://pittsburghfoundation.org/</a>",https://pittsburghfoundation.org/,,Projects,,Continuous,varies,Education; Community,varies,Public libraries; educational institutions; community organizations in the Pittsburgh region,yes,,,,,,,,,,,,,,,,,January; February,,,,,,,,,,FALSE,
TRUE,FALSE,Grant,,CG2424,record,,https://www.heinz.org/,Heinz Endowments Learning and Literacy Program [Core Collection],Heinz Endowments,,,Learning and Literacy Program,,,,,"<a href=""https://www.heinz.org/"">https://www.heinz.org/</a>",https://www.heinz.org/,,Projects,,Continuous,varies,Education,varies,Public libraries; educational institutions; literacy organizations in Pittsburgh and Southwestern Pennsylvania,yes,,,,,,,,,,,,,,,,,March; April,,,,,,,,,,FALSE,
TRUE,FALSE,Grant,,CG2425,record,,https://trustarts.org/,Pittsburgh Cultural Trust Arts and Education Grants [Core Collection],Pittsburgh Cultural Trust,,,Arts and Education Grants,,,,,"<a href=""https://trustarts.org/"">https://trustarts.org/</a>",https://trustarts.org/,,Projects,,12 months,varies,Education; Arts/Humanities,1–2 years,Public libraries; cultural organizations; arts institutions in Pittsburgh,yes,,,,,,,,,,,,,,,,,January; December,February,,,,,,,,,FALSE,
TRUE,FALSE,Grant,,CG2426,record,,https://www.medialit.org/,The Center for Media Literacy (CML) Media Literacy Education Grants [Core Collection],The Center for Media Literacy (CML),,,Media Literacy Education Grants,,,,,"<a href=""https://www.medialit.org/"">https://www.medialit.org/</a>",https://www.medialit.org/,,Projects,,Continuous,varies,Education,varies,U.S. libraries; educational institutions; non-profits,yes,,,,,,,,,,,,,,,,,May; April,,,,,,,,,,FALSE,
TRUE,FALSE,Grant,,CG2427,record,,https://www.literacyresearchassociation.org/,The Literacy Research Association (LRA) Research and Development Grants [Core Collection],The Literacy Research Association (LRA),,,Research and Development Grants,,,,,"<a href=""https://www.literacyresearchassociation.org/"">https://www.literacyresearchassociation.org/</a>",https://www.literacyresearchassociation.org/,,Projects,,12 months,varies,Education,1–2 years,,no,,,,,,,,,,,,,,,,,May; June,July,,,,,,,,,FALSE,
TRUE,FALSE,Grant,,CG2428,record,,https://www.cmu.edu/block-center/future-of-work/fow_seed_fund/index.html,Block Center for Technology and Society; CMU Future of Work Seed Fund [Core Collection],Block Center for Technology and Society; CMU,,,Future of Work Seed Fund,,,,,"<a href=""https://www.cmu.edu/block-center/future-of-work/fow_seed_fund/index.html"">https://www.cmu.edu/block-center/future-of-work/fow_seed_fund/index.html</a>",https://www.cmu.edu/block-center/future-of-work/fow_seed_fund/index.html,,Projects,,12 months,$0–$80000,Seed Funding; Research,1 year,CMU faculty; including PhD students as co-PIs with faculty,no,,,,,,,,,,,,,,,,,August; September,October,,,,,,,,,FALSE,
TRUE,FALSE,Conference,,CC2401,compound_object,,https://www.acrl.org/,Association of College and Research Libraries (ACRL) Conference [Core Collection],Association of College and Research Libraries (ACRL),Conference,,,,,,,"<a href=""https://www.acrl.org/"">https://www.acrl.org/</a>",https://www.acrl.org/,,Papers; Panels; Posters; Workshops,,24 months,,,,,,,,no,yes,no,,,no,,,,,,,,,October,August,,,November,,,April,,,FALSE,
TRUE,FALSE,Conference,,CC2402,record,,https://www.educause.edu/,EDUCAUSE Annual Conference [Core Collection],EDUCAUSE,Annual Conference,,,,,,,"<a href=""https://www.educause.edu/"">https://www.educause.edu/</a>",https://www.educause.edu/,,Workshops; Panels; Posters,,12 months,,,,,,,,yes,yes,no,,,no,,,,,,,,,,February,,,May,,,October,,,FALSE,
TRUE,FALSE,Conference,,CC2403,record,,https://aladlibraries.org,Academic Library Advancement and Development Network (ALADN) Conference [Core Collection],Academic Library Advancement and Development Network (ALADN),Conference,,,,,,,"<a href=""https://aladlibraries.org"">https://aladlibraries.org</a>",https://aladlibraries.org,,Panels; Papers; Case Studies,,12 months,,,,,,,,yes,yes,no,,,no,,,,,,,,,,October,,,March,,,May,,,FALSE,
TRUE,FALSE,Conference,,CC2404,compound_object,,https://www.ala.org,American Library Association (ALA) Annual Conference [Core Collection],American Library Association (ALA),Annual Conference,,,,,,,"<a href=""https://www.ala.org"">https://www.ala.org</a>",https://www.ala.org,,Papers; Panels; Posters; Workshops,,12 months,,,,,,,,yes,yes,no,,,no,,,,,,,,,,September,,,January,,,June,,,FALSE,
TRUE,FALSE,Conference,,CC2405,compound_object,,https://www.arlisna.org,Art Libraries Society of North America (ARLIS/NA) Annual Conference [Core Collection],Art Libraries Society of North America (ARLIS/NA),Annual Conference,,,,,,,"<a href=""https://www.arlisna.org"">https://www.arlisna.org</a>",https://www.arlisna.org,,Papers; Panels; Workshops,,12 months,,,,,,,,yes,yes,no,,,no,,,,,,,,,,August,,,January,,,April,,,FALSE,
TRUE,FALSE,Conference,,CC2406,record,,https://www.asist.org,Association for Information Science and Technology (ASIS&T) Annual Meeting [Core Collection],Association for Information Science and Technology (ASIS&T),Annual Meeting,,,,,,,"<a href=""https://www.asist.org"">https://www.asist.org</a>",https://www.asist.org,,Papers; Panels; Posters; Workshops,,12 months,,,,,,,,yes,yes,no,,,no,,,,,,,,,,February,,,June,,,October,,,FALSE,
TRUE,FALSE,Conference,,CC2407,record,,https://aupresses.org,Association of University Presses (AAUP) Annual Meeting [Core Collection],Association of University Presses (AAUP),Annual Meeting,,,,,,,"<a href=""https://aupresses.org"">https://aupresses.org</a>",https://aupresses.org,,Panels; Papers; Workshops,,12 months,,,,,,,,yes,yes,no,,,no,,,,,,,,,,October,,,March,,,June,,,FALSE,
TRUE,FALSE,Conference,,CC2408,compound_object,,https://www.charlestonlibraryconference.com,Charleston Conference [Core Collection],,Charleston Conference,,,,,,,"<a href=""https://www.charlestonlibraryconference.com"">https://www.charlestonlibraryconference.com</a>",https://www.charlestonlibraryconference.com,,Panels; Papers; Workshops; Posters,,12 months,,,,,,,,yes,yes,no,,,no,,,,,,,,,,April,,,July,,,November,,,FALSE,
TRUE,FALSE,Conference,,CC2409,record,,https://www.cni.org,Coalition for Networked Information (CNI) Membership Meetings [Core Collection],Coalition for Networked Information (CNI),Membership Meetings,,,,,,,"<a href=""https://www.cni.org"">https://www.cni.org</a>",https://www.cni.org,,Briefs; Panels; Papers,,6 months,,,,,,,,no,yes,no,,,no,,,,,,,,,,February; August,,,February; September,,,April; December,,,FALSE,
TRUE,FALSE,Conference,,CC2410,record,,https://www.code4lib.org,Code4Lib Conference [Core Collection],Code4Lib,Conference,,,,,,,"<a href=""https://www.code4lib.org"">https://www.code4lib.org</a>",https://www.code4lib.org,,Papers; Lightning Talks; Posters; Workshops,,12 months,,,,,,,,yes,yes,no,,,no,,,,,,,,,,October,,,December,,,March,,,FALSE,
TRUE,FALSE,Conference,,CC2411,record,,https://adho.org,Alliance of Digital Humanities Organizations (ADHO) Digital Humanities Conference [Core Collection],Alliance of Digital Humanities Organizations (ADHO),Digital Humanities Conference,,,,,,,"<a href=""https://adho.org"">https://adho.org</a>",https://adho.org,,Papers; Panels; Posters; Workshops,,12 months,,,,,,,,yes,yes,no,,,no,,,,,,,,,,November,,,February,,,July,,,FALSE,
TRUE,FALSE,Conference,,CC2412,record,,https://www.diglib.org,Digital Library Federation (DLF) Forum [Core Collection],Digital Library Federation (DLF),Forum,,,,,,,"<a href=""https://www.diglib.org"">https://www.diglib.org</a>",https://www.diglib.org,,Papers; Panels; Posters; Workshops,,12 months,,,,,,,,yes,yes,no,,,no,,,,,,,,,,March,,,June,,,October,,,FALSE,
TRUE,FALSE,Conference,,CC2413,record,,https://www.electroniclibrarian.org,Conference [Core Collection],,Conference,,,,,,,"<a href=""https://www.electroniclibrarian.org"">https://www.electroniclibrarian.org</a>",https://www.electroniclibrarian.org,,Papers; Panels; Posters; Workshops,,12 months,,,,,,,,yes,yes,no,,,no,,,,,,,,,,August,,,December,,,March,,,FALSE,
TRUE,FALSE,Conference,,CC2414,record,,https://www.ifla.org,International Federation of Library Associations and Institutions (IFLA) World Library and Information Congress (WLIC) [Core Collection],International Federation of Library Associations and Institutions (IFLA),World Library and Information Congress (WLIC),,,,,,,"<a href=""https://www.ifla.org"">https://www.ifla.org</a>",https://www.ifla.org,,Papers; Panels; Posters; Workshops,,12 months,,,,,,,,no,yes,no,,,no,,,,,,,,,,December,,,March,,,August,,,FALSE,
TRUE,FALSE,Conference,,CC2415,record,,https://islandora.ca,Islandora Foundation Islandoracon [Core Collection],Islandora Foundation,Islandoracon,,,,,,,"<a href=""https://islandora.ca"">https://islandora.ca</a>",https://islandora.ca,,Papers; Panels; Posters; Workshops,,24 months,,,,,,,,yes,yes,no,,,no,,,,,,,,,,April,,,July,,,October,,,FALSE,
TRUE,FALSE,Conference,,CC2416,record,,https://libraryassessment.org,Association of Research Libraries (ARL) & University of Washington Libraries Library Assessment Conference [Core Collection],Association of Research Libraries (ARL) & University of Washington Libraries,Library Assessment Conference,,,,,,,"<a href=""https://libraryassessment.org"">https://libraryassessment.org</a>",https://libraryassessment.org,,Papers; Panels; Posters; Workshops,,24 months,,,,,,,,yes,yes,no,,,no,,,,,,,,,,April,,,August,,,November,,,FALSE,
TRUE,FALSE,Conference,,CC2417,record,,https://entrelib.org,University of North Carolina Greensboro & Wake Forest University Entrepreneurial Librarians Conference [Core Collection],University of North Carolina Greensboro & Wake Forest University,Entrepreneurial Librarians Conference,,,,,,,"<a href=""https://entrelib.org"">https://entrelib.org</a>",https://entrelib.org,,Papers; Panels; Workshops; Case Studies,,24 months,,,,,,,,yes,yes,no,,,no,,,,,,,,,,March,,,July,,,October,,,FALSE,
TRUE,FALSE,Conference,,CC2418,compound_object,,https://librarypublishing.org,Library Publishing Coalition (LPC) Library Publishing Forum [Core Collection],Library Publishing Coalition (LPC),Library Publishing Forum,,,,,,,"<a href=""https://librarypublishing.org"">https://librarypublishing.org</a>",https://librarypublishing.org,,Papers; Panels; Posters; Workshops,,12 months,,,,,,,,yes,yes,no,,,no,,,,,,,,,,November,,,March,,,May,,,FALSE,
TRUE,FALSE,Conference,,CC2419,compound_object,,https://www.openrepositories.org,Open Repositories Conference [Core Collection],Open Repositories,Conference,,,,,,,"<a href=""https://www.openrepositories.org"">https://www.openrepositories.org</a>",https://www.openrepositories.org,,Papers; Panels; Posters; Workshops,,12 months,,,,,,,,yes,yes,no,,,no,,,,,,,,,,October,,,March,,,June,,,FALSE,
TRUE,FALSE,Conference,,CC2420,record,,https://rd-alliance.org,Research Data Alliance (RDA) Plenary Meeting [Core Collection],Research Data Alliance (RDA),Plenary Meeting,,,,,,,"<a href=""https://rd-alliance.org"">https://rd-alliance.org</a>",https://rd-alliance.org,,Papers; Panels; Posters; Workshops,,6 months,,,,,,,,yes,yes,no,,,no,,,,,,,,,,December; July,,,February; September,,,April; November,,,FALSE,
TRUE,FALSE,Conference,,CC2421,record,,https://www2.archivists.org,Society of American Archivists (SAA) Annual Meeting [Core Collection],Society of American Archivists (SAA),Annual Meeting,,,,,,,"<a href=""https://www2.archivists.org"">https://www2.archivists.org</a>",https://www2.archivists.org,,Papers; Panels; Posters; Workshops,,12 months,,,,,,,,yes,yes,no,,,no,,,,,,,,,,November,,,April,,,August,,,FALSE,
TRUE,FALSE,Conference,,CC2422,record,,https://www.sla.org,Special Libraries Association (SLA) Annual Conference [Core Collection],Special Libraries Association (SLA),Annual Conference,,,,,,,"<a href=""https://www.sla.org"">https://www.sla.org</a>",https://www.sla.org,,Papers; Panels; Posters; Workshops,,12 months,,,,,,,,yes,yes,no,,,no,,,,,,,,,,September,,,February,,,June,,,FALSE,
TRUE,FALSE,Conference,,CC2423,record,,https://zinelibraries.info,Zine Libraries Network UnConference (ZLuC) [Core Collection],Zine Libraries Network,UnConference (ZLuC),,,,,,,"<a href=""https://zinelibraries.info"">https://zinelibraries.info</a>",https://zinelibraries.info,,Workshops; Projects,,12 months,,,,,,,,yes,yes,no,,,no,,,,,,,,,,February,,,May,,,July,,,FALSE,
TRUE,FALSE,Conference,,CC2424,record,,https://www.palibraries.org,Pennsylvania Library Association (PaLA) Annual Conference [Core Collection],Pennsylvania Library Association (PaLA),Annual Conference,,,,,,,"<a href=""https://www.palibraries.org"">https://www.palibraries.org</a>",https://www.palibraries.org,,Papers; Panels; Posters; Workshops,,12 months,,,,,,,,no,yes,no,,,no,,,,,,,,,,March,,,July,,,October,,,FALSE,
TRUE,FALSE,Conference,,CC2425,record,,https://bricconference.org,Bibliometrics and Research Impact Community (BRIC) Annual Conference [Core Collection],Bibliometrics and Research Impact Community (BRIC),Annual Conference,,,,,,,"<a href=""https://bricconference.org"">https://bricconference.org</a>",https://bricconference.org,,Papers; Panels; Posters; Workshops,,12 months,,,,,,,,yes,yes,no,,,no,,,,,,,,,,October,,,February,,,May,,,FALSE,
TRUE,FALSE,Conference,,CC2426,record,,https://ld4.io,LD4 Linked Data for Libraries Annual Conference [Core Collection],LD4 Linked Data for Libraries,Annual Conference,,,,,,,"<a href=""https://ld4.io"">https://ld4.io</a>",https://ld4.io,,Papers; Panels; Posters; Workshops,,12 months,,,,,,,,yes,yes,no,,,no,,,,,,,,,,January,,,April,,,July,,,FALSE,
TRUE,FALSE,Conference,,CC2427,record,,https://accessservicesconference.org,Access Services Conference [Core Collection],,Access Services Conference,,,,,,,"<a href=""https://accessservicesconference.org"">https://accessservicesconference.org</a>",https://accessservicesconference.org,,Papers; Panels; Posters; Workshops,,12 months,,,,,,,,yes,yes,no,,,no,,,,,,,,,,April,,,July,,,November,,,FALSE,
TRUE,FALSE,Conference,,CC2428,record,,https://www.thelibrarycollective.org,The Library Collective [Core Collection],The Library Collective,,,,,,,,"<a href=""https://www.thelibrarycollective.org"">https://www.thelibrarycollective.org</a>",https://www.thelibrarycollective.org,,Lightning Talks; Workshops; Panels,,12 months,,,,,,,,yes,yes,no,,,no,,,,,,,,,,September,,,December,,,March,,,FALSE,
TRUE,FALSE,Conference,,CC2429,record,,https://www.openeducationconference.org,Open Education (OpenEd) Conference [Core Collection],Open Education (OpenEd),Conference,,,,,,,"<a href=""https://www.openeducationconference.org"">https://www.openeducationconference.org</a>",https://www.openeducationconference.org,,Papers; Panels; Posters; Workshops,,12 months,,,,,,,,yes,no,no,,,no,,,,,,,,,,April,,,August,,,November,,,FALSE,
TRUE,FALSE,Conference,,CC2430,record,,https://www.digipres.org,National Digital Stewardship Alliance (NDSA) Digital Preservation (DigiPres) Conference [Core Collection],National Digital Stewardship Alliance (NDSA),Digital Preservation (DigiPres) Conference,,,,,,,"<a href=""https://www.digipres.org"">https://www.digipres.org</a>",https://www.digipres.org,,Papers; Panels; Posters; Workshops,,12 months,,,,,,,,yes,yes,no,,,no,,,,,,,,,,May,,,July,,,October,,,FALSE,
TRUE,FALSE,Conference,,CC2431,record,,https://www.coar-repositories.org,Confederation of Open Access Repositories (COAR) Annual Meeting [Core Collection],Confederation of Open Access Repositories (COAR),Annual Meeting,,,,,,,"<a href=""https://www.coar-repositories.org"">https://www.coar-repositories.org</a>",https://www.coar-repositories.org,,Papers; Panels; Posters; Workshops,,12 months,,,,,,,,yes,yes,no,,,no,,,,,,,,,,December,,,March,,,May,,,FALSE,
TRUE,FALSE,Conference,,CC2432,record,,https://www.oclc.org/research/partnership.html,OCLC Research Library Partnership Meeting [Core Collection],OCLC Research Library Partnership,Meeting,,,,,,,"<a href=""https://www.oclc.org/research/partnership.html"">https://www.oclc.org/research/partnership.html</a>",https://www.oclc.org/research/partnership.html,,Papers; Panels; Posters; Workshops,,12 months,,,,,,,,yes,yes,no,,,no,,,,,,,,,,June,,,July,,,October,,,FALSE,
TRUE,FALSE,Conference,,CC2433,record,,https://www.sxswedu.com,South by Southwest (SXSW) EDU Conference & Festival [Core Collection],South by Southwest (SXSW),EDU Conference & Festival,,,,,,,"<a href=""https://www.sxswedu.com"">https://www.sxswedu.com</a>",https://www.sxswedu.com,,Workshops; Panels; Lightning Talks,,12 months,,,,,,,,yes,yes,no,,,no,,,,,,,,,,June,,,December,,,March,,,FALSE,
TRUE,FALSE,Publication,,CP2401,record,,https://www.charleston-hub.com/media/atg/,Against the Grain; published by Charleston Conference/Charleston Hub [Core Collection],Charleston Conference/Charleston Hub,,,,,Against the Grain,1043-2094; 2380-176X,,"<a href=""https://www.charleston-hub.com/media/atg/"">https://www.charleston-hub.com/media/atg/</a>",https://www.charleston-hub.com/media/atg/,,Papers; Opinions; Reports,,2 months,,,,,,,,,,,,,,,Hybrid open,,no,Yes,4–6,30%,,,,,,,,,,,,FALSE,
TRUE,FALSE,Publication,,CP2402,record,,https://meridian.allenpress.com/american-archivist,American Archivist; published by Society of American Archivists (SAA) [Core Collection],Society of American Archivists (SAA),,,,,American Archivist,0360-9081; 2327-9702,,"<a href=""https://meridian.allenpress.com/american-archivist"">https://meridian.allenpress.com/american-archivist</a>",https://meridian.allenpress.com/american-archivist,,Papers; Case Studies; Reviews; Opinions,,6 months,,,,,,,,,,,,,,,,,no,Yes,6–12,30%,,,,,,,,,,,,FALSE,
TRUE,FALSE,Publication,,CP2403,record,,https://americanlibrariesmagazine.org/,American Libraries; published by American Library Association (ALA) [Core Collection],American Library Association (ALA),,,,,American Libraries,0002-9769; 2163-5129,,"<a href=""https://americanlibrariesmagazine.org/"">https://americanlibrariesmagazine.org/</a>",https://americanlibrariesmagazine.org/,,Opinions; Reports; Interviews,,2 months,,,,,,,,,,,,,,,Fully open,,no,Not peer reviewed,2–4,,,,,,,,,,,,,FALSE,
TRUE,FALSE,Publication,,CP2404,record,,https://www.midwestarchives.org/archival-issues,Archival Issues; published by Midwest Archives Conference (MAC) [Core Collection],Midwest Archives Conference (MAC),,,,,Archival Issues,1067-4993; 2328-546X,,"<a href=""https://www.midwestarchives.org/archival-issues"">https://www.midwestarchives.org/archival-issues</a>",https://www.midwestarchives.org/archival-issues,,Papers; Case Studies; Reviews,,6 months,,,,,,,,,,,,,,,Hybrid open,,no,Yes,6–12,,,,,,,,,,,,,FALSE,
TRUE,FALSE,Publication,,CP2405,record,,https://link.springer.com/journal/10502,Archival Science; published by Springer [Core Collection],Springer,,,,,Archival Science,1389-0166; 1573-7500,,"<a href=""https://link.springer.com/journal/10502"">https://link.springer.com/journal/10502</a>",https://link.springer.com/journal/10502,,Papers; Case Studies,,3 months,,,,,,,,,,,,,,,Hybrid open,"""Gold (immediate / author fees required)""",yes,Yes,6–12,30%,1.20,,,,,,,,,,,FALSE,
TRUE,FALSE,Publication,,CP2406,record,,https://www.cambridge.org/core/journals/art-libraries-journal,Art Libraries Journal; published by Cambridge University Press [Core Collection],Cambridge University Press,,,,,Art Libraries Journal,0307-4722; 2059-7525,,"<a href=""https://www.cambridge.org/core/journals/art-libraries-journal"">https://www.cambridge.org/core/journals/art-libraries-journal</a>",https://www.cambridge.org/core/journals/art-libraries-journal,,Reviews; Papers; Opinions; Case Studies,,3 months,,,,,,,,,,,,,,,Hybrid open,"""Gold (immediate / author fees required)""; ""Green (can be posted in open repository / embargo may apply)""",yes,Yes,6–9,30%,,,,,,,,,,,,FALSE,
TRUE,FALSE,Publication,,CP2407,record,,https://www.tandfonline.com/loi/wbss20,Behavioral & Social Sciences Librarian; published by Taylor & Francis [Core Collection],Taylor & Francis,,,,,Behavioral & Social Sciences Librarian,0163-9269; 1544-4546,,"<a href=""https://www.tandfonline.com/loi/wbss20"">https://www.tandfonline.com/loi/wbss20</a>",https://www.tandfonline.com/loi/wbss20,,Papers; Reviews; Case Studies,,3 months,,,,,,,,,,,,,,,Hybrid open,,no,Yes,6–9,35%,,,,,,,,,,,,FALSE,
TRUE,FALSE,Publication,,CP2408,record,,https://www.tandfonline.com/journals/wccq20,Cataloging & Classification Quarterly; published by Taylor & Francis [Core Collection],Taylor & Francis,,,,,Cataloging & Classification Quarterly,0163-9374; 1544-4554,,"<a href=""https://www.tandfonline.com/journals/wccq20"">https://www.tandfonline.com/journals/wccq20</a>",https://www.tandfonline.com/journals/wccq20,,Reports; Case Studies; Papers,,2 months,,,,,,,,,,,,,,,Hybrid open,,no,Yes,6–9,35%,,,,,,,,,,,,FALSE,
TRUE,FALSE,Publication,,CP2409,record,,https://journal.code4lib.org/,Code4Lib Journal; published by Code4Lib Community [Core Collection],Code4Lib Community,,,,,Code4Lib Journal,1940-5758,,"<a href=""https://journal.code4lib.org/"">https://journal.code4lib.org/</a>",https://journal.code4lib.org/,,Reviews; Case Studies; Papers,,3 months,,,,,,,,,,,,,,,Fully open,"""Diamond (immediate / no fee)""",no,Yes,3–6,30%,,,,,,,,,,,,FALSE,
TRUE,FALSE,Publication,,CP2410,record,,https://digitalcommons.du.edu/collaborativelibrarianship/,Collaborative Librarianship; published by Collaborative Librarianship (Colorado Academic Library Consortium) [Core Collection],Collaborative Librarianship (Colorado Academic Library Consortium),,,,,Collaborative Librarianship,1943-7528,,"<a href=""https://digitalcommons.du.edu/collaborativelibrarianship/"">https://digitalcommons.du.edu/collaborativelibrarianship/</a>",https://digitalcommons.du.edu/collaborativelibrarianship/,,Papers; Case Studies; Opinions; Reviews,,3 months,,,,,,,,,,,,,,,Fully open,,no,Yes,6–9,35%,,,,,,,,,,,,FALSE,
TRUE,FALSE,Publication,,CP2411,record,,https://crl.acrl.org/index.php/crl,College & Research Libraries (C&RL); published by Association of College & Research Libraries (ACRL) [Core Collection],Association of College & Research Libraries (ACRL),,,,,College & Research Libraries (C&RL),0010-0870; 2150-6701,,"<a href=""https://crl.acrl.org/index.php/crl"">https://crl.acrl.org/index.php/crl</a>",https://crl.acrl.org/index.php/crl,,Papers; Reviews; Opinions,,2 months,,,,,,,,,,,,,,,Fully open,,no,Yes,6,20%,2.00,,,,,,,,,,,FALSE,
TRUE,FALSE,Publication,,CP2412,record,,https://crln.acrl.org/index.php/crlnews,College & Research Library News (C&RL News); published by Association of College & Research Libraries (ACRL) [Core Collection],Association of College & Research Libraries (ACRL),,,,,College & Research Library News (C&RL News),0099-0086; 2150-6698,,"<a href=""https://crln.acrl.org/index.php/crlnews"">https://crln.acrl.org/index.php/crlnews</a>",https://crln.acrl.org/index.php/crlnews,,Reports; Case Studies; Opinions,,Monthly,,,,,,,,,,,,,,,Fully open,,no,Not peer reviewed,2–4,40%,,,,,,,,,,,,FALSE,
TRUE,FALSE,Publication,,CP2413,record,,https://www.infotoday.com/cilmag/default.shtml,Computers in Libraries; published by Information Today; Inc. [Core Collection],Information Today; Inc.,,,,,Computers in Libraries,1041-7915,,"<a href=""https://www.infotoday.com/cilmag/default.shtml"">https://www.infotoday.com/cilmag/default.shtml</a>",https://www.infotoday.com/cilmag/default.shtml,,Papers; Case Studies,,Monthly,,,,,,,,,,,,,,,Not open,,no,Not peer reviewed,,,,,,,,,,,,,,FALSE,
TRUE,FALSE,Publication,,CP2414,record,,https://www.emeraldgrouppublishing.com/journal/dlp,Digital Library Perspectives; published by Emerald Publishing [Core Collection],Emerald Publishing,,,,,Digital Library Perspectives,2059-5816; 2054-1694,,"<a href=""https://www.emeraldgrouppublishing.com/journal/dlp"">https://www.emeraldgrouppublishing.com/journal/dlp</a>",https://www.emeraldgrouppublishing.com/journal/dlp,,Papers; Case Studies; Reviews; Opinions,,3 months,,,,,,,,,,,,,,,Hybrid open,"""Gold (immediate / author fees required)""; ""Green (can be posted in open repository / embargo may apply)""",no,Yes,6–12,35%,,,,,,,,,,,,FALSE,
TRUE,FALSE,Publication,,CP2415,record,,https://er.educause.edu,EDUCAUSE Review; published by EDUCAUSE [Core Collection],EDUCAUSE,,,,,EDUCAUSE Review,1945-709X; 1527-6619,,"<a href=""https://er.educause.edu"">https://er.educause.edu</a>",https://er.educause.edu,,Case Studies; Opinions; Papers,,3 months,,,,,,,,,,,,,,,,,no,,,,,,,,,,,,,,,FALSE,
TRUE,FALSE,Publication,,CP2416,record,,https://journals.library.ualberta.ca/eblip/index.php/EBLIP/index,Evidence Based Library and Information Practice; published by University of Alberta Libraries [Core Collection],University of Alberta Libraries,,,,,Evidence Based Library and Information Practice,1715-720X,,"<a href=""https://journals.library.ualberta.ca/eblip/index.php/EBLIP/index"">https://journals.library.ualberta.ca/eblip/index.php/EBLIP/index</a>",https://journals.library.ualberta.ca/eblip/index.php/EBLIP/index,,Papers; Case Studies; Reviews,,3 months,,,,,,,,,,,,,,,Fully open,"""Diamond (immediate / no fee)""",no,Yes,6–9,30%,,,,,,,,,,,,FALSE,
TRUE,FALSE,Publication,,CP2417,record,,https://www.frontiersin.org/,Frontiers in Research Metrics and Analytics; published by Frontiers Media [Core Collection],Frontiers Media,,,,,Frontiers in Research Metrics and Analytics,2504-0537,,"<a href=""https://www.frontiersin.org/"">https://www.frontiersin.org/</a>",https://www.frontiersin.org/,,Opinions; Reviews; Papers,,Continuous,,,,,,,,,,,,,,,Fully open,"""Gold (immediate / author fees required)""",no,Yes,3–6,40%,3.50,,,,,,,,,,,FALSE,
TRUE,FALSE,Publication,,CP2418,record,,https://journals.sagepub.com/home/ifl,IFLA Journal; published by SAGE Publications [Core Collection],SAGE Publications,,,,,IFLA Journal,1745-2651; 0340-0352,,"<a href=""https://journals.sagepub.com/home/ifl"">https://journals.sagepub.com/home/ifl</a>",https://journals.sagepub.com/home/ifl,,Papers; Reviews; Case Studies,,3 months,,,,,,,,,,,,,,,Hybrid open,"""Gold (immediate / author fees required)""",no,Yes,3–6,,0.91,,,,,,,,,,,FALSE,
TRUE,FALSE,Publication,,CP2419,record,,https://www.inthelibrarywiththeleadpipe.org/,In the Library with the Lead Pipe [Core Collection],,,,,,In the Library with the Lead Pipe,1944-6195,,"<a href=""https://www.inthelibrarywiththeleadpipe.org/"">https://www.inthelibrarywiththeleadpipe.org/</a>",https://www.inthelibrarywiththeleadpipe.org/,,Papers; Opinions,,Irregular,,,,,,,,,,,,,,,Fully open,,no,Open,,,,,,,,,,,,,,FALSE,
TRUE,FALSE,Publication,,CP2420,record,,https://www.emerald.com/insight/publication/issn/2398-5348,Information & Learning Sciences; published by Emerald Publishing [Core Collection],Emerald Publishing,,,,,Information & Learning Sciences,1758-6909; 2398-5348,,"<a href=""https://www.emerald.com/insight/publication/issn/2398-5348"">https://www.emerald.com/insight/publication/issn/2398-5348</a>",https://www.emerald.com/insight/publication/issn/2398-5348,,Papers; Reviews; Case Studies,,2 months,,,,,,,,,,,,,,,Hybrid open,,no,Yes,6–12,30%,,,,,,,,,,,,FALSE,
TRUE,FALSE,Publication,,CP2421,record,,https://www.tandfonline.com/journals/ulbr20,International Information & Library Review; published by Taylor & Francis [Core Collection],Taylor & Francis,,,,,International Information & Library Review,1057-2317; 1095-9297,,"<a href=""https://www.tandfonline.com/journals/ulbr20"">https://www.tandfonline.com/journals/ulbr20</a>",https://www.tandfonline.com/journals/ulbr20,,Reviews; Case Studies; Papers,,3 months,,,,,,,,,,,,,,,Hybrid open,,no,Yes,6–12,30%,,,,,,,,,,,,FALSE,
TRUE,FALSE,Publication,,CP2422,record,,https://journal.calaijol.org/index.php/ijol,International Journal of Librarianship; published by Chinese American Librarians Association [Core Collection],Chinese American Librarians Association,,,,,International Journal of Librarianship,2474-3542,,"<a href=""https://journal.calaijol.org/index.php/ijol"">https://journal.calaijol.org/index.php/ijol</a>",https://journal.calaijol.org/index.php/ijol,,Papers; Case Studies; Opinions,,6 months,,,,,,,,,,,,,,,Fully open,,no,Yes,6–9,35%,,,,,,,,,,,,FALSE,
TRUE,FALSE,Publication,,CP2423,record,,https://journals.library.ualberta.ca/istl/index.php/istl,Issues in Science and Technology Librarianship; published by Science and Technology Section (STS) of ACRL [Core Collection],Science and Technology Section (STS) of ACRL,,,,,Issues in Science and Technology Librarianship,1092-1206,,"<a href=""https://journals.library.ualberta.ca/istl/index.php/istl"">https://journals.library.ualberta.ca/istl/index.php/istl</a>",https://journals.library.ualberta.ca/istl/index.php/istl,,Papers; Case Studies; Opinions; Reviews,,3 months,,,,,,,,,,,,,,,Fully open,"""Diamond (immediate / no fee)""",no,Yes,6–9,30%,,,,,,,,,,,,FALSE,
TRUE,FALSE,Publication,,CP2424,record,,https://www.sciencedirect.com/journal/the-journal-of-academic-librarianship,Journal of Academic Librarianship; published by Elsevier [Core Collection],Elsevier,,,,,Journal of Academic Librarianship,1879-1999; 0099-1333,,"<a href=""https://www.sciencedirect.com/journal/the-journal-of-academic-librarianship"">https://www.sciencedirect.com/journal/the-journal-of-academic-librarianship</a>",https://www.sciencedirect.com/journal/the-journal-of-academic-librarianship,,Papers; Case Studies; Reviews; Opinions,,2 months,,,,,,,,,,,,,,,Hybrid open,"""Gold (immediate / author fees required)""; ""Green (can be posted in open repository / embargo may apply)""",yes,Yes,3–6,30%,1.50,,,,,,,,,,,FALSE,
TRUE,FALSE,Publication,,CP2425,record,,https://www.tandfonline.com/journals/wbfl20,Journal of Business & Finance Librarianship; published by Taylor & Francis [Core Collection],Taylor & Francis,,,,,Journal of Business & Finance Librarianship,1547-0644; 0896-3568,,"<a href=""https://www.tandfonline.com/journals/wbfl20"">https://www.tandfonline.com/journals/wbfl20</a>",https://www.tandfonline.com/journals/wbfl20,,Case Studies; Reviews; Papers,,3 months,,,,,,,,,,,,,,,Hybrid open,"""Gold (immediate / author fees required)""; ""Green (can be posted in open repository / embargo may apply)""",no,Yes,6–9,30%,,,,,,,,,,,,FALSE,
TRUE,FALSE,Publication,,CP2426,record,,https://www.jcel-pub.org/,Journal of Copyright in Education and Librarianship; published by Pacific University Libraries [Core Collection],Pacific University Libraries,,,,,Journal of Copyright in Education and Librarianship,2473-8336,,"<a href=""https://www.jcel-pub.org/"">https://www.jcel-pub.org/</a>",https://www.jcel-pub.org/,,Papers; Case Studies; Opinions,,6 months,,,,,,,,,,,,,,,Fully open,,no,Yes,6–9,35%,,,,,,,,,,,,FALSE,
TRUE,FALSE,Publication,,CP2427,record,,,Journal of Critical Library and Information Studies; published by University of Massachusetts Amherst Libraries [Core Collection],University of Massachusetts Amherst Libraries,,,,,Journal of Critical Library and Information Studies,,,,,,Papers; Reviews; Case Studies; Interviews,,Irregular,,,,,,,,,,,,,,,Fully open,,no,Yes,varies,35%,,,,,,,,,,,,FALSE,
TRUE,FALSE,Publication,,CP2428,record,,https://www.tandfonline.com/journals/wacq20,Journal of Electronic Resources Librarianship; published by Taylor & Francis [Core Collection],Taylor & Francis,,,,,Journal of Electronic Resources Librarianship,1941-126X; 1941-1278,,"<a href=""https://www.tandfonline.com/journals/wacq20"">https://www.tandfonline.com/journals/wacq20</a>",https://www.tandfonline.com/journals/wacq20,,Papers; Case Studies; Reviews,,3 months,,,,,,,,,,,,,,,Hybrid open,,no,Yes,6–9,40%,,,,,,,,,,,,FALSE,
TRUE,FALSE,Publication,,CP2429,record,,https://publishing.escholarship.umassmed.edu/jeslib/,Journal of eScience Librarianship; published by University of Massachusetts Medical School [Core Collection],University of Massachusetts Medical School,,,,,Journal of eScience Librarianship,2161-3974,,"<a href=""https://publishing.escholarship.umassmed.edu/jeslib/"">https://publishing.escholarship.umassmed.edu/jeslib/</a>",https://publishing.escholarship.umassmed.edu/jeslib/,,Papers; Case Studies; Reviews,,3 months,,,,,,,,,,,,,,,Fully open,"""Diamond (immediate / no fee)""",no,Yes,6–12,30%,,,,,,,,,,,,FALSE,
TRUE,FALSE,Publication,,CP2430,record,,https://mcfarlandbooks.com/imprint/journal-of-information-ethics/?_gl=1*c28e10*_up*MQ..*_ga*MTg0OTEzMjA5Mi4xNzI2MzY1ODky*_ga_CDR4S4H8HC*MTcyNjM2NTg4OS4xLjEuMTcyNjM2NTg5My4wLjAuMA..,Journal of Information Ethics; published by McFarland & Company [Core Collection],McFarland & Company,,,,,Journal of Information Ethics,1061-9321; 1941-2894,,"<a href=""https://mcfarlandbooks.com/imprint/journal-of-information-ethics/?_gl=1*c28e10*_up*MQ..*_ga*MTg0OTEzMjA5Mi4xNzI2MzY1ODky*_ga_CDR4S4H8HC*MTcyNjM2NTg4OS4xLjEuMTcyNjM2NTg5My4wLjAuMA.."">https://mcfarlandbooks.com/imprint/journal-of-information-ethics/?_gl=1*c28e10*_up*MQ..*_ga*MTg0OTEzMjA5Mi4xNzI2MzY1ODky*_ga_CDR4S4H8HC*MTcyNjM2NTg4OS4xLjEuMTcyNjM2NTg5My4wLjAuMA..</a>",https://mcfarlandbooks.com/imprint/journal-of-information-ethics/?_gl=1*c28e10*_up*MQ..*_ga*MTg0OTEzMjA5Mi4xNzI2MzY1ODky*_ga_CDR4S4H8HC*MTcyNjM2NTg4OS4xLjEuMTcyNjM2NTg5My4wLjAuMA..,,Papers; Opinions; Reviews,,6 months,,,,,,,,,,,,,,,Not open,,no,Yes,6–9,30%,,,,,,,,,,,,FALSE,
TRUE,FALSE,Publication,,CP2431,record,,https://journals.sagepub.com/home/jis,Journal of Information Science; published by SAGE Publications [Core Collection],SAGE Publications,,,,,Journal of Information Science,0165-5515; 1741-6485,,"<a href=""https://journals.sagepub.com/home/jis"">https://journals.sagepub.com/home/jis</a>",https://journals.sagepub.com/home/jis,,Papers; Reviews; Case Studies,,2 months,,,,,,,,,,,,,,,Hybrid open,"""Gold (immediate / author fees required)""",no,Yes,6–12,25%,2.20,,,,,,,,,,,FALSE,
TRUE,FALSE,Publication,,CP2432,record,,https://www.sciencedirect.com/journal/journal-of-informetrics,Journal of Informetrics; published by Elsevier [Core Collection],Elsevier,,,,,Journal of Informetrics,1751-1577; 1875-5879,,"<a href=""https://www.sciencedirect.com/journal/journal-of-informetrics"">https://www.sciencedirect.com/journal/journal-of-informetrics</a>",https://www.sciencedirect.com/journal/journal-of-informetrics,,Papers; Reviews; Case Studies,,2 months,,,,,,,,,,,,,,,Hybrid open,"""Gold (immediate / author fees required)""; ""Green (can be posted in open repository / embargo may apply)""",yes,Yes,6–12,20%,4.50,,,,,,,,,,,FALSE,
TRUE,FALSE,Publication,,CP2433,record,,https://iastatedigitalpress.com/jlsc/,Journal of Librarianship and Scholarly Communication; published by Pacific University Libraries [Core Collection],Pacific University Libraries,,,,,Journal of Librarianship and Scholarly Communication,2162-3309,,"<a href=""https://iastatedigitalpress.com/jlsc/"">https://iastatedigitalpress.com/jlsc/</a>",https://iastatedigitalpress.com/jlsc/,,Papers; Case Studies; Opinions; Reviews,,Continuous,,,,,,,,,,,,,,,Fully open,,no,Yes,6–9,30%,,,,,,,,,,,,FALSE,
TRUE,FALSE,Publication,,CP2434,record,,https://www.tandfonline.com/journals/wjla20,Journal of Library Administration; published by Taylor & Francis [Core Collection],Taylor & Francis,,,,,Journal of Library Administration,1540-3564; 0193-0826,,"<a href=""https://www.tandfonline.com/journals/wjla20"">https://www.tandfonline.com/journals/wjla20</a>",https://www.tandfonline.com/journals/wjla20,,Papers; Case Studies; Reviews; Opinions,,2 months,,,,,,,,,,,,,,,Hybrid open,"""Gold (immediate / author fees required)""; ""Green (can be posted in open repository / embargo may apply)""",no,Yes,6–9,30%,,,,,,,,,,,,FALSE,
TRUE,FALSE,Publication,,CP2435,record,,https://www.tandfonline.com/journals/wjlm20,Journal of Library Metadata; published by Taylor & Francis [Core Collection],Taylor & Francis,,,,,Journal of Library Metadata,1937-5034; 1938-6389,,"<a href=""https://www.tandfonline.com/journals/wjlm20"">https://www.tandfonline.com/journals/wjlm20</a>",https://www.tandfonline.com/journals/wjlm20,,Papers; Case Studies; Reviews,,3 months,,,,,,,,,,,,,,,Hybrid open,"""Gold (immediate / author fees required)""; ""Green (can be posted in open repository / embargo may apply)""",no,Yes,6–9,30%,,,,,,,,,,,,FALSE,
TRUE,FALSE,Publication,,CP2436,record,,https://iopn.library.illinois.edu/journals/jloe/index,Journal of Library Outreach and Engagement; published by University of Illinois Press [Core Collection],University of Illinois Press,,,,,Journal of Library Outreach and Engagement,2690-2672,,"<a href=""https://iopn.library.illinois.edu/journals/jloe/index"">https://iopn.library.illinois.edu/journals/jloe/index</a>",https://iopn.library.illinois.edu/journals/jloe/index,,Papers; Case Studies; Reviews,,6 months,,,,,,,,,,,,,,,Fully open,,no,Yes,6–9,40%,,,,,,,,,,,,FALSE,
TRUE,FALSE,Publication,,CP2437,record,,https://www.tandfonline.com/journals/wmgl20,Journal of Map & Geography Libraries; published by Taylor & Francis [Core Collection],Taylor & Francis,,,,,Journal of Map & Geography Libraries,1542-0361; 1542-0353,,"<a href=""https://www.tandfonline.com/journals/wmgl20"">https://www.tandfonline.com/journals/wmgl20</a>",https://www.tandfonline.com/journals/wmgl20,,Papers; Case Studies; Reviews,,3 months,,,,,,,,,,,,,,,Hybrid open,"""Gold (immediate / author fees required)""; ""Green (can be posted in open repository / embargo may apply)""",no,Yes,6–9,30%,,,,,,,,,,,,FALSE,
TRUE,FALSE,Publication,,CP2439,record,,https://newlibs.org/index.php/jonl,Journal of New Librarianship; published by University of Tennessee [Core Collection],University of Tennessee,,,,,Journal of New Librarianship,2471-3880,,"<a href=""https://newlibs.org/index.php/jonl"">https://newlibs.org/index.php/jonl</a>",https://newlibs.org/index.php/jonl,,Papers; Case Studies; Interviews; Opinions,,Continuous,,,,,,,,,,,,,,,Fully open,,no,Yes,,,,,,,,,,,,,,FALSE,
TRUE,FALSE,Publication,,CP2440,record,,,Journal of Radical Librarianship; published by Independent (open collective) [Core Collection],Independent (open collective),,,,,Journal of Radical Librarianship,,,,,,Papers; Reviews; Opinions,,Irregular,,,,,,,,,,,,,,,Fully open,,no,,,,,,,,,,,,,,,FALSE,
TRUE,FALSE,Publication,,CP2441,record,,https://www.utpjournals.press/loi/jsp,Journal of Scholarly Publishing; published by University of Toronto Press [Core Collection],University of Toronto Press,,,,,Journal of Scholarly Publishing,1710-1166; 1198-9742,,"<a href=""https://www.utpjournals.press/loi/jsp"">https://www.utpjournals.press/loi/jsp</a>",https://www.utpjournals.press/loi/jsp,,Papers; Reviews; Case Studies; Opinions,,3 months,,,,,,,,,,,,,,,Hybrid open,"""Gold (immediate / author fees required)""; ""Green (can be posted in open repository / embargo may apply)""",no,Yes,6–12,30%,,,,,,,,,,,,FALSE,
TRUE,FALSE,Publication,,CP2442,record,,https://www.tandfonline.com/journals/wjwl20,Journal of Web Librarianship; published by Taylor & Francis [Core Collection],Taylor & Francis,,,,,Journal of Web Librarianship,1932-2909; 1932-2917,,"<a href=""https://www.tandfonline.com/journals/wjwl20"">https://www.tandfonline.com/journals/wjwl20</a>",https://www.tandfonline.com/journals/wjwl20,,Papers; Case Studies; Reviews,,3 months,,,,,,,,,,,,,,,Hybrid open,"""Gold (immediate / author fees required)""; ""Green (can be posted in open repository / embargo may apply)""",no,Yes,6–9,35%,,,,,,,,,,,,FALSE,
TRUE,FALSE,Publication,,CP2443,record,,https://www.psupress.org/Journals/jnls_LCHS.html,Libraries: Culture; History; and Society; published by Penn State University Press [Core Collection],Penn State University Press,,,,,Libraries: Culture; History; and Society,2473-0343; 2473-036X,,"<a href=""https://www.psupress.org/Journals/jnls_LCHS.html"">https://www.psupress.org/Journals/jnls_LCHS.html</a>",https://www.psupress.org/Journals/jnls_LCHS.html,,Papers; Case Studies,,6 months,,,,,,,,,,,,,,,Not open,,no,Yes,6–12,25%,,,,,,,,,,,,FALSE,
TRUE,FALSE,Publication,,CP2444,record,,https://www.sciencedirect.com/journal/library-and-information-science-research,Library & Information Science Research; published by Elsevier [Core Collection],Elsevier,,,,,Library & Information Science Research,1873-1848; 0740-8188,,"<a href=""https://www.sciencedirect.com/journal/library-and-information-science-research"">https://www.sciencedirect.com/journal/library-and-information-science-research</a>",https://www.sciencedirect.com/journal/library-and-information-science-research,,Papers; Reviews; Case Studies,,3 months,,,,,,,,,,,,,,,Hybrid open,"""Gold (immediate / author fees required)""; ""Green (can be posted in open repository / embargo may apply)""",no,Yes,6–12,25%,2.00,,,,,,,,,,,FALSE,
TRUE,FALSE,Publication,,CP2445,record,,https://www.euppublishing.com/loi/lih,Library and Information History; published by Taylor & Francis [Core Collection],Taylor & Francis,,,,,Library and Information History,1758-3497; 1758-3489,,"<a href=""https://www.euppublishing.com/loi/lih"">https://www.euppublishing.com/loi/lih</a>",https://www.euppublishing.com/loi/lih,,Reviews; Papers,,3 months,,,,,,,,,,,,,,,Hybrid open,,no,Yes,6–12,30%,,,,,,,,,,,,FALSE,
TRUE,FALSE,Publication,,CP2446,record,,https://www.emerald.com/insight/publication/issn/0737-8831,Library Hi Tech; published by Emerald Publishing [Core Collection],Emerald Publishing,,,,,Library Hi Tech,0737-8831; 2054-166X,,"<a href=""https://www.emerald.com/insight/publication/issn/0737-8831"">https://www.emerald.com/insight/publication/issn/0737-8831</a>",https://www.emerald.com/insight/publication/issn/0737-8831,,Papers; Case Studies; Reviews,,3 months,,,,,,,,,,,,,,,Hybrid open,"""Gold (immediate / author fees required)""; ""Green (can be posted in open repository / embargo may apply)""",no,Yes,6–9,35%,1.50,,,,,,,,,,,FALSE,
TRUE,FALSE,Publication,,CP2447,record,,https://www.libraryjournal.com/,Library Journal; published by Media Source Inc. [Core Collection],Media Source Inc.,,,,,Library Journal,0363-0277,,"<a href=""https://www.libraryjournal.com/"">https://www.libraryjournal.com/</a>",https://www.libraryjournal.com/,,Reviews; Opinions; Papers,,Monthly,,,,,,,,,,,,,,,,,no,Not peer reviewed,2–4,,,,,,,,,,,,,FALSE,
TRUE,FALSE,Publication,,CP2448,record,,https://llm.corejournals.org/llm,Library Leadership & Management; published by American Library Association (ALA) [Core Collection],American Library Association (ALA),,,,,Library Leadership & Management,1945-886X,,"<a href=""https://llm.corejournals.org/llm"">https://llm.corejournals.org/llm</a>",https://llm.corejournals.org/llm,,Papers; Case Studies; Opinions; Reviews,,3 months,,,,,,,,,,,,,,,Fully open,"""Diamond (immediate / no fee)""",no,Yes,6–9,40%,,,,,,,,,,,,FALSE,
TRUE,FALSE,Publication,,CP2449,record,,https://www.emerald.com/insight/publication/issn/0143-5124,Library Management; published by Emerald Publishing [Core Collection],Emerald Publishing,,,,,Library Management,1758-7921; 0143-5124,,"<a href=""https://www.emerald.com/insight/publication/issn/0143-5124"">https://www.emerald.com/insight/publication/issn/0143-5124</a>",https://www.emerald.com/insight/publication/issn/0143-5124,,Papers; Case Studies; Reviews,,Monthly,,,,,,,,,,,,,,,Hybrid open,"""Gold (immediate / author fees required)""",no,Yes,6–12,35%,,,,,,,,,,,,FALSE,
TRUE,FALSE,Publication,,CP2450,record,,https://digitalcommons.unl.edu/libphilprac/,Library Philosophy and Practice; published by University of Nebraska-Lincoln Libraries [Core Collection],University of Nebraska-Lincoln Libraries,,,,,Library Philosophy and Practice,1522-0222,,"<a href=""https://digitalcommons.unl.edu/libphilprac/"">https://digitalcommons.unl.edu/libphilprac/</a>",https://digitalcommons.unl.edu/libphilprac/,,Papers; Opinions; Reviews,,Continuous,,,,,,,,,,,,,,,Fully open,,no,Yes,6–9,30%,,,,,,,,,,,,FALSE,
TRUE,FALSE,Publication,,CP2451,record,,https://www.journals.uchicago.edu/toc/lq/current,Library Quarterly; published by University of Chicago Press [Core Collection],University of Chicago Press,,,,,Library Quarterly,1549-652X; 0024-2519,,"<a href=""https://www.journals.uchicago.edu/toc/lq/current"">https://www.journals.uchicago.edu/toc/lq/current</a>",https://www.journals.uchicago.edu/toc/lq/current,,Papers; Reviews; Case Studies,,3 months,,,,,,,,,,,,,,,Hybrid open,,no,Yes,6–12,25%,1.00,,,,,,,,,,,FALSE,
TRUE,FALSE,Publication,,CP2452,record,,https://journals.ala.org/index.php/lrts,Library Resources & Technical Services (LRTS); published by American Library Association (ALA) [Core Collection],American Library Association (ALA),,,,,Library Resources & Technical Services (LRTS),2159-9610,,"<a href=""https://journals.ala.org/index.php/lrts"">https://journals.ala.org/index.php/lrts</a>",https://journals.ala.org/index.php/lrts,,Papers; Reports; Case Studies,,3 months,,,,,,,,,,,,,,,Hybrid open,"""Diamond (immediate / no fee)""",no,Yes,6–9,30%,,,,,,,,,,,,FALSE,
TRUE,FALSE,Publication,,CP2453,record,,https://www.librarystudentjournal.org/,Library Student Journal [Core Collection],,,,,,Library Student Journal,1559-9132; 1931-6100,,"<a href=""https://www.librarystudentjournal.org/"">https://www.librarystudentjournal.org/</a>",https://www.librarystudentjournal.org/,,Papers; Opinions,,Irregular,,,,,,,,,,,,,,,Fully open,,no,Yes,,,,,,,,,,,,,,FALSE,
TRUE,FALSE,Publication,,CP2454,record,,https://www.press.jhu.edu/journals/library-trends,Library Trends; published by Johns Hopkins University Press [Core Collection],Johns Hopkins University Press,,,,,Library Trends,0024-2594; 1559-0682,,"<a href=""https://www.press.jhu.edu/journals/library-trends"">https://www.press.jhu.edu/journals/library-trends</a>",https://www.press.jhu.edu/journals/library-trends,,Papers; Reviews; Case Studies,,3 months,,,,,,,,,,,,,,,Hybrid open,"""Gold (immediate / author fees required)""; ""Green (can be posted in open repository / embargo may apply)""",no,Yes,6–12,25%,0.70,,,,,,,,,,,FALSE,
TRUE,FALSE,Publication,,CP2455,record,,https://www.tandfonline.com/journals/wmus20,Music Reference Services Quarterly; published by Taylor & Francis [Core Collection],Taylor & Francis,,,,,Music Reference Services Quarterly,1058-8167; 1540-9503,,"<a href=""https://www.tandfonline.com/journals/wmus20"">https://www.tandfonline.com/journals/wmus20</a>",https://www.tandfonline.com/journals/wmus20,,Papers; Case Studies; Reviews,,3 months,,,,,,,,,,,,,,,Hybrid open,,no,Yes,6–9,30%,,,,,,,,,,,,FALSE,
TRUE,FALSE,Publication,,CP2456,record,,https://www.journals.uchicago.edu/loi/pbsa,Papers of the Bibliographical Society of America; published by Bibliographical Society of America [Core Collection],Bibliographical Society of America,,,,,Papers of the Bibliographical Society of America,2377-6528; 0006-128X,,"<a href=""https://www.journals.uchicago.edu/loi/pbsa"">https://www.journals.uchicago.edu/loi/pbsa</a>",https://www.journals.uchicago.edu/loi/pbsa,,Reviews; Data; Papers,,3 months,,,,,,,,,,,,,,,Hybrid open,,no,Yes,6–12,30%,,,,,,,,,,,,FALSE,
TRUE,FALSE,Publication,,CP2457,record,,https://palrap.pitt.edu/ojs/index.php/palrap,Pennsylvania Libraries: Research & Practice; published by Pennsylvania Library Association (PaLA) [Core Collection],Pennsylvania Library Association (PaLA),,,,,Pennsylvania Libraries: Research & Practice,2324-7878,,"<a href=""https://palrap.pitt.edu/ojs/index.php/palrap"">https://palrap.pitt.edu/ojs/index.php/palrap</a>",https://palrap.pitt.edu/ojs/index.php/palrap,,Reviews; Opinions; Case Studies; Papers,,6 months,,,,,,,,,,,,,,,Fully open,,no,Yes,6–9,35%,,,,,,,,,,,,FALSE,
TRUE,FALSE,Publication,,CP2458,record,,https://www.press.jhu.edu/journals/portal-libraries-and-academy,portal: Libraries and the Academy; published by Johns Hopkins University Press [Core Collection],Johns Hopkins University Press,,,,,portal: Libraries and the Academy,1531-2542,,"<a href=""https://www.press.jhu.edu/journals/portal-libraries-and-academy"">https://www.press.jhu.edu/journals/portal-libraries-and-academy</a>",https://www.press.jhu.edu/journals/portal-libraries-and-academy,,Case Studies; Papers,,3 months,,,,,,,,,,,,,,,Hybrid open,"""Green (can be posted in open repository / embargo may apply)""",no,Yes,4–8,35%,0.80,,,,,,,,,,,FALSE,
TRUE,FALSE,Publication,,CP2459,record,,https://pal-ojs-tamu.tdl.org/pal/,Practical Academic Librarianship: The International Journal of the SLA Academic Division; published by Special Libraries Association (SLA) [Core Collection],Special Libraries Association (SLA),,,,,Practical Academic Librarianship: The International Journal of the SLA Academic Division,1947-0037,,"<a href=""https://pal-ojs-tamu.tdl.org/pal/"">https://pal-ojs-tamu.tdl.org/pal/</a>",https://pal-ojs-tamu.tdl.org/pal/,,Papers; Case Studies,,6 months,,,,,,,,,,,,,,,Fully open,,no,Yes,6–8,45%,,,,,,,,,,,,FALSE,
TRUE,FALSE,Publication,,CP2460,record,,http://www.progressivelibrariansguild.org/PL_Jnl/jnl_about.shtml,Progressive Librarian; published by Progressive Librarians Guild [Core Collection],Progressive Librarians Guild,,,,,Progressive Librarian,1052-5726,,"<a href=""http://www.progressivelibrariansguild.org/PL_Jnl/jnl_about.shtml"">http://www.progressivelibrariansguild.org/PL_Jnl/jnl_about.shtml</a>",http://www.progressivelibrariansguild.org/PL_Jnl/jnl_about.shtml,,Opinions; Case Studies; Reviews; Papers,,Irregular,,,,,,,,,,,,,,,Fully open,,no,Yes,6–12,,,,,,,,,,,,,FALSE,
TRUE,FALSE,Publication,,CP2461,record,,https://link.springer.com/journal/12109,Publishing Research Quarterly; published by Springer [Core Collection],Springer,,,,,Publishing Research Quarterly,1936-4792; 1053-8801,,"<a href=""https://link.springer.com/journal/12109"">https://link.springer.com/journal/12109</a>",https://link.springer.com/journal/12109,,Papers; Reviews; Case Studies,,3 months,,,,,,,,,,,,,,,Hybrid open,"""Gold (immediate / author fees required)""",yes,Yes,6–12,30%,1.00,,,,,,,,,,,FALSE,
TRUE,FALSE,Publication,,CP2462,record,,https://rbm.acrl.org/index.php,Rare Books & Manuscripts Librarianship (RBM); published by Association of College & Research Libraries (ACRL) [Core Collection],Association of College & Research Libraries (ACRL),,,,,Rare Books & Manuscripts Librarianship (RBM),1529-6407,,"<a href=""https://rbm.acrl.org/index.php"">https://rbm.acrl.org/index.php</a>",https://rbm.acrl.org/index.php,,Papers; Case Studies; Reviews; Opinions,,6 months,,,,,,,,,,,,,,,Hybrid open,"""Diamond (immediate / no fee)""",no,Yes,6–9,35%,,,,,,,,,,,,FALSE,
TRUE,FALSE,Publication,,CP2463,record,,https://journals.ala.org/index.php/rusq,Reference & User Services Quarterly; published by American Library Association (ALA) [Core Collection],American Library Association (ALA),,,,,Reference & User Services Quarterly,2163-5242,,"<a href=""https://journals.ala.org/index.php/rusq"">https://journals.ala.org/index.php/rusq</a>",https://journals.ala.org/index.php/rusq,,Papers; Case Studies; Opinions; Reports,,3 months,,,,,,,,,,,,,,,Fully open,"""Diamond (immediate / no fee)""",no,Yes,6–9,30%,,,,,,,,,,,,FALSE,
TRUE,FALSE,Publication,,CP2464,record,,https://www.emerald.com/insight/publication/issn/0090-7324,Reference Services Review; published by Emerald Publishing [Core Collection],Emerald Publishing,,,,,Reference Services Review,0090-7324; 2054-1716,,"<a href=""https://www.emerald.com/insight/publication/issn/0090-7324"">https://www.emerald.com/insight/publication/issn/0090-7324</a>",https://www.emerald.com/insight/publication/issn/0090-7324,,Papers; Case Studies; Opinions; Reviews,,3 months,,,,,,,,,,,,,,,Hybrid open,"""Gold (immediate / author fees required)""; ""Green (can be posted in open repository / embargo may apply)""",no,Yes,6–12,30%,,,,,,,,,,,,FALSE,
TRUE,FALSE,Publication,,CP2465,record,,http://www.arl.org/publications-resources/search-publications/term/summary/48,Research Library Issues; published by Association of Research Libraries (ARL) [Core Collection],Association of Research Libraries (ARL),,,,,Research Library Issues,1947-4911,,"<a href=""http://www.arl.org/publications-resources/search-publications/term/summary/48"">http://www.arl.org/publications-resources/search-publications/term/summary/48</a>",http://www.arl.org/publications-resources/search-publications/term/summary/48,,Reports; Opinions; Case Studies; Papers,,4 months,,,,,,,,,,,,,,,Fully open,,no,,2–6,,,,,,,,,,,,,FALSE,
TRUE,FALSE,Publication,,CP2466,record,,https://www.tandfonline.com/journals/wstl20,Science & Technology Libraries; published by Taylor & Francis [Core Collection],Taylor & Francis,,,,,Science & Technology Libraries,0194-262X; 1541-1109,,"<a href=""https://www.tandfonline.com/journals/wstl20"">https://www.tandfonline.com/journals/wstl20</a>",https://www.tandfonline.com/journals/wstl20,,Reports; Case Studies; Papers,,3 months,,,,,,,,,,,,,,,Hybrid open,"""Gold (immediate / author fees required)""; ""Green (can be posted in open repository / embargo may apply)""",no,Yes,6–12,30%,,,,,,,,,,,,FALSE,
TRUE,FALSE,Publication,,CP2467,record,,https://www.scienceopen.com/collection/scienceopen_research,ScienceOpen Research; published by ScienceOpen [Core Collection],ScienceOpen,,,,,ScienceOpen Research,2199-1006,,"<a href=""https://www.scienceopen.com/collection/scienceopen_research"">https://www.scienceopen.com/collection/scienceopen_research</a>",https://www.scienceopen.com/collection/scienceopen_research,,Papers; Reviews; Data; Preprints,,Continuous,,,,,,,,,,,,,,,Fully open,,no,Yes,2–3,40%,,,,,,,,,,,,FALSE,
TRUE,FALSE,Publication,,CP2468,compound_object,,https://www.tandfonline.com/journals/wtsq20,Technical Services Quarterly; published by Taylor & Francis [Core Collection],Taylor & Francis,,,,,Technical Services Quarterly,0731-7131; 1555-3337,,"<a href=""https://www.tandfonline.com/journals/wtsq20"">https://www.tandfonline.com/journals/wtsq20</a>",https://www.tandfonline.com/journals/wtsq20,,Papers; Case Studies; Reviews,,3 months,,,,,,,,,,,,,,,Hybrid open,"""Gold (immediate / author fees required)""; ""Green (can be posted in open repository / embargo may apply)""",no,Blind,6–9,35%,,,,,,,,,,,,FALSE,
TRUE,FALSE,Publication,,CP2469,record,,https://www.emerald.com/insight/publication/issn/0888-045X,The Bottom Line: Managing Library Finances; published by Emerald Publishing [Core Collection],Emerald Publishing,,,,,The Bottom Line: Managing Library Finances,0888-045X; 2054-1724,,"<a href=""https://www.emerald.com/insight/publication/issn/0888-045X"">https://www.emerald.com/insight/publication/issn/0888-045X</a>",https://www.emerald.com/insight/publication/issn/0888-045X,,Papers; Case Studies; Reviews; Opinions,,3 months,,,,,,,,,,,,,,,Hybrid open,,no,Yes,6–9,40%,,,,,,,,,,,,FALSE,
TRUE,FALSE,Publication,,CP2470,record,,https://www.emerald.com/insight/publication/issn/0264-0473,The Electronic Library; published by Emerald Publishing [Core Collection],Emerald Publishing,,,,,The Electronic Library,1758-616X; 0264-0473,,"<a href=""https://www.emerald.com/insight/publication/issn/0264-0473"">https://www.emerald.com/insight/publication/issn/0264-0473</a>",https://www.emerald.com/insight/publication/issn/0264-0473,,Papers; Case Studies; Reviews,,2 months,,,,,,,,,,,,,,,Hybrid open,"""Gold (immediate / author fees required)""; ""Green (can be posted in open repository / embargo may apply)""",no,Yes,6–12,30%,1.20,,,,,,,,,,,FALSE,
TRUE,FALSE,Publication,,CP2471,record,,https://academic.oup.com/library,The Library: The Transactions of the Bibliographical Society; published by Oxford University Press [Core Collection],Oxford University Press,,,,,The Library: The Transactions of the Bibliographical Society,0024-2160,,"<a href=""https://academic.oup.com/library"">https://academic.oup.com/library</a>",https://academic.oup.com/library,,Projects; Reviews; Briefs,,3 months,,,,,,,,,,,,,,,Hybrid open,,yes,Yes,6–12,25%,,,,,,,,,,,,FALSE,
TRUE,TRUE,Publication,,CP2472,record,,https://www.tandfonline.com/journals/wser20,The Serials Librarian; published by Taylor & Francis [Core Collection],Taylor & Francis,,,,,The Serials Librarian,0361-526X; 1541-1095,,"<a href=""https://www.tandfonline.com/journals/wser20"">https://www.tandfonline.com/journals/wser20</a>",https://www.tandfonline.com/journals/wser20,,Reports; Case Studies; Papers,,3 months,,,,,,,,,,,,,,,Hybrid open,"""Gold (immediate / author fees required)""; ""Green (can be posted in open repository / embargo may apply)""",no,Yes,6–9,35%,,,,,,,,,,,,FALSE,
TRUE,FALSE,Publication,,CP2473,record,,https://journal.transformativeworks.org/index.php/twc,Transformative Works and Cultures; published by Organization for Transformative Works [Core Collection],Organization for Transformative Works,,,,,Transformative Works and Cultures,1941-2258,,"<a href=""https://journal.transformativeworks.org/index.php/twc"">https://journal.transformativeworks.org/index.php/twc</a>",https://journal.transformativeworks.org/index.php/twc,,Reviews; Case Studies,,6 months,,,,,,,,,,,,,,,Fully open,,no,Yes,6–9,30%,,,,,,,,,,,,FALSE,
TRUE,FALSE,Publication,,CP2474,record,,,Urban Library Journal; published by City University of New York (CUNY) [Core Collection],City University of New York (CUNY),,,,,Urban Library Journal,1944-9674; 1944-9682,,,,,Reviews; Case Studies,,6 months,,,,,,,,,,,,,,,Fully open,,no,Yes,,30%,,,,,,,,,,,,FALSE,
TRUE,FALSE,Publication,,CP2475,record,,https://journals.publishing.umich.edu/weaveux/,Weave: Journal of Library User Experience; published by Michigan Publishing [Core Collection],Michigan Publishing,,,,,Weave: Journal of Library User Experience,2333-3316,,"<a href=""https://journals.publishing.umich.edu/weaveux/"">https://journals.publishing.umich.edu/weaveux/</a>",https://journals.publishing.umich.edu/weaveux/,,Reviews; Case Studies; Papers,,Continuous,,,,,,,,,,,,,,,Fully open,"""Diamond (immediate / no fee)""",no,Yes,6–9,35%,,,,,,,,,,,,FALSE,